sub_id,session,run,trial,value
MET000,1,1,1,0.73681330030255054
MET000,1,1,2,0.65642931646537195
MET000,1,1,3,0.76352961340103565
MET000,1,1,4,0.94537405733683444
MET000,1,2,1,0.67339906238534475
MET000,1,2,2,0.83547142951633646
MET000,1,2,3,0.7308141399739343
MET000,1,2,4,0.60786074702455495
MET000,1,3,1,0.66257773890819915
MET000,1,3,2,0.78388683044632157
MET000,1,3,3,0.62849711627105864
MET000,1,3,4,0.75037284510309976
MET000,1,4,1,0.720228710589913
MET000,1,4,2,0.6676714288697202
MET000,1,4,3,0.71002755535868067
MET000,1,4,4,0.7397961658133333
MET000,2,1,1,0.66058220158357561
MET000,2,1,2,0.72293249018992545
MET000,2,1,3,0.93179683920031764
MET000,2,1,4,0.79058153092436612
MET000,2,2,1,0.63158835645023725
MET000,2,2,2,0.74156510788051255
MET000,2,2,3,0.69818565993571602
MET000,2,2,4,0.82471811206912093
MET000,2,3,1,0.60903502767136874
MET000,2,3,2,0.62978059280388676
MET000,2,3,3,0.71018316149269844
MET000,2,3,4,0.77269190900818885
MET000,2,4,1,0.72033152694089231
MET000,2,4,2,0.80161136324684767
MET000,2,4,3,0.73800819011539143
MET000,2,4,4,0.70030043473252401
MET001,1,1,1,0.6964879286773572
MET001,1,1,2,0.74833228602802415
MET001,1,1,3,0.57604970538843692
MET001,1,1,4,0.83041887566006345
MET001,1,2,1,0.66873980570270963
MET001,1,2,2,0.74679244130598055
MET001,1,2,3,0.55361942603668568
MET001,1,2,4,0.83507416957902125
MET001,1,3,1,0.67795667693686346
MET001,1,3,2,0.79007479267037761
MET001,1,3,3,0.69956114255167645
MET001,1,3,4,0.71797366683096298
MET001,1,4,1,0.65434936131453714
MET001,1,4,2,0.73187333166818525
MET001,1,4,3,0.72071848664924631
MET001,1,4,4,0.66858172814223304
MET002,1,1,1,0.70137467760391337
MET002,1,1,2,0.92838130074623137
MET002,1,1,3,0.97066105988230356
MET002,1,1,4,1.2166734589467103
MET002,1,2,1,0.85120727468887725
MET002,1,2,2,0.98759181218841297
MET002,1,2,3,0.92946905466629803
MET002,1,2,4,1.0283205095724648
MET002,1,3,1,0.89208828315021926
MET002,1,3,2,0.91288746047438818
MET002,1,3,3,0.72078809006870193
MET002,1,3,4,0.79048653028147375
MET002,1,4,1,0.90819098145527244
MET002,1,4,2,0.77367676258339957
MET002,1,4,3,1.0639576019679615
MET002,1,4,4,0.90739216909820963
MET002,2,1,1,0.83106465661090867
MET002,2,1,2,0.7402796369695992
MET002,2,1,3,0.84832483067829934
MET002,2,1,4,0.93982384893115956
MET002,2,2,1,0.80344716225960633
MET002,2,2,2,0.8450450079221089
MET002,2,2,3,0.88221677408935262
MET002,2,2,4,0.76667485421384596
MET002,2,3,1,0.95246333213758705
MET002,2,3,2,1.0664148479835331
MET002,2,3,3,0.95444464709739096
MET002,2,3,4,1.108078396568221
MET002,2,4,1,0.84267757162410761
MET002,2,4,2,0.85074622552351575
MET002,2,4,3,1.0119020911418672
MET002,2,4,4,0.94409593736968955
MET003,1,1,1,0.68162150875940997
MET003,1,1,2,0.77462815530533125
MET003,1,1,3,0.64041195504049131
MET003,1,1,4,0.66119322123182167
MET003,1,2,1,0.62406301845862722
MET003,1,2,2,0.78758777570542104
MET003,1,2,3,0.69673188139210773
MET003,1,2,4,0.86372585860797424
MET003,1,3,1,0.75591060123153175
MET003,1,3,2,0.8013112993238517
MET003,1,3,3,0.87745997503083584
MET003,1,3,4,0.84147350392266007
MET003,1,4,1,0.76075095031885942
MET003,1,4,2,0.81627875887160573
MET003,1,4,3,0.77601030607280508
MET003,1,4,4,0.87029589227443105
MET003,2,1,1,0.79937126319785134
MET003,2,1,2,0.70641535676575606
MET003,2,1,3,0.7440967136507548
MET003,2,1,4,0.70268248593147598
MET003,2,2,1,0.68288056898092697
MET003,2,2,2,0.83878652595350556
MET003,2,2,3,0.81794570116212484
MET003,2,2,4,0.76085220273349397
MET003,2,3,1,0.74389652133533757
MET003,2,3,2,0.65046922315670941
MET003,2,3,3,0.70401591712283607
MET003,2,3,4,0.97076125714035599
MET003,2,4,1,0.73325489363817398
MET003,2,4,2,0.69295446220534962
MET003,2,4,3,0.87761794079294198
MET003,2,4,4,0.98773418227763743
MET004,1,1,1,0.66307589046566595
MET004,1,1,2,0.64515116755375734
MET004,1,1,3,0.58773188333281945
MET004,1,1,4,0.79319941255333715
MET004,1,2,1,0.72843171637870963
MET004,1,2,2,0.76248225868329023
MET004,1,2,3,0.68721203520337937
MET004,1,2,4,0.87878091975215211
MET004,1,3,1,0.62684964493172213
MET004,1,3,2,0.85397619082936205
MET004,1,3,3,0.74064995444174342
MET004,1,3,4,0.74269581554645125
MET004,1,4,1,0.76237039901180448
MET004,1,4,2,0.70331912179841072
MET004,1,4,3,0.72890806080397674
MET004,1,4,4,0.75033006731915552
MET004,2,1,1,0.61766131754731257
MET004,2,1,2,0.79777649300142806
MET004,2,1,3,0.73170033164464832
MET004,2,1,4,0.6829222240905275
MET004,2,2,1,0.78166720178385984
MET004,2,2,2,0.76453721814993114
MET004,2,2,3,0.76348522210010472
MET004,2,2,4,0.73143145684965083
MET004,2,3,1,0.66639395729078632
MET004,2,3,2,0.85886333564093253
MET004,2,3,3,0.69040108553489765
MET004,2,3,4,0.76356119890544383
MET004,2,4,1,0.75623860672351084
MET004,2,4,2,0.66055898851683925
MET004,2,4,3,0.70940611292392253
MET004,2,4,4,0.67984863600201861
MET005,1,1,1,0.8048447508973956
MET005,1,1,2,0.65095645895145393
MET005,1,1,3,0.79820236926914856
MET005,1,1,4,0.89480868547641523
MET005,1,2,1,0.96455046167935365
MET005,1,2,2,0.91165319867327965
MET005,1,2,3,0.83618162884916436
MET005,1,2,4,0.83688223051094446
MET005,1,3,1,0.85863371713843217
MET005,1,3,2,0.81985105866070085
MET005,1,3,3,0.94619030840673723
MET005,1,3,4,0.96821535299554118
MET005,1,4,1,0.85877249617271501
MET005,1,4,2,0.92254830885415684
MET005,1,4,3,0.89774421551142181
MET005,1,4,4,1.04122824342914
MET005,2,1,1,0.82018754177868958
MET005,2,1,2,0.79023160743812371
MET005,2,1,3,0.76301049670026777
MET005,2,1,4,0.90322448287296164
MET005,2,2,1,0.6554518389889461
MET005,2,2,2,0.81961071184667511
MET005,2,2,3,1.0482262318606601
MET005,2,2,4,1.0084167406782123
MET005,2,3,1,0.89360417776244305
MET005,2,3,2,0.90622451657888159
MET005,2,3,3,0.87243663054705867
MET005,2,3,4,0.8967125224482555
MET005,2,4,1,0.79405030958078593
MET005,2,4,2,0.79302781000786615
MET005,2,4,3,0.89051219641961421
MET005,2,4,4,0.7225885076665417
MET006,1,1,1,0.74773469561706662
MET006,1,1,2,0.7614993806736593
MET006,1,1,3,0.93653820057718462
MET006,1,1,4,0.73583947163276964
MET006,1,2,1,0.70848305941117595
MET006,1,2,2,0.77372096729992568
MET006,1,2,3,0.893983290895764
MET006,1,2,4,0.8708980249346796
MET006,1,3,1,0.74780942676697038
MET006,1,3,2,0.74701399561409165
MET006,1,3,3,0.79529535462982015
MET006,1,3,4,0.82608535609903344
MET006,1,4,1,0.73380769737093543
MET006,1,4,2,0.73994112660244205
MET006,1,4,3,0.75573183755257156
MET006,1,4,4,0.73251533136763158
MET006,2,1,1,0.75370958676030497
MET006,2,1,2,0.60987026374745212
MET006,2,1,3,0.75789720984206554
MET006,2,1,4,0.81030679675040218
MET006,2,2,1,0.89931712223442051
MET006,2,2,2,0.80467677539313953
MET006,2,2,3,0.75518850480650646
MET006,2,2,4,0.80132239629911695
MET006,2,3,1,0.83143644013980933
MET006,2,3,2,0.8121089890050458
MET006,2,3,3,0.71353061162005071
MET006,2,3,4,0.69157721907489433
MET006,2,4,1,0.94149484353289559
MET006,2,4,2,0.84717007711664605
MET006,2,4,3,0.74537602061335184
MET006,2,4,4,0.63489973965802604
MET007,1,1,1,0.66232681405523786
MET007,1,1,2,0.91901304177209298
MET007,1,1,3,0.7248591510266208
MET007,1,1,4,0.80586734919216485
MET007,1,2,1,0.81819487909179478
MET007,1,2,2,0.74993089935447887
MET007,1,2,3,0.78191537278533652
MET007,1,2,4,0.76065672112520655
MET007,1,3,1,0.86927067192043295
MET007,1,3,2,0.74275133817904293
MET007,1,3,3,0.80783173826032506
MET007,1,3,4,0.71727656330538625
MET007,1,4,1,0.78939846203451913
MET007,1,4,2,0.91383985243376775
MET007,1,4,3,0.95558297558093797
MET007,1,4,4,0.79905305031031126
MET008,1,1,1,0.7517475555032459
MET008,1,1,2,0.84537669902764556
MET008,1,1,3,0.77300812116068318
MET008,1,1,4,0.92437790702373157
MET008,1,2,1,0.84246451508041897
MET008,1,2,2,0.74830609453675612
MET008,1,2,3,0.7349714514346396
MET008,1,2,4,0.73408218913987888
MET008,1,3,1,0.79383783729975843
MET008,1,3,2,0.77253286008962574
MET008,1,3,3,0.71146987453159782
MET008,1,3,4,0.6921612645629035
MET008,1,4,1,0.70834200763980637
MET008,1,4,2,0.63326178635441055
MET008,1,4,3,0.65818346579014975
MET008,1,4,4,0.7110011728572333
MET008,2,1,1,0.67156759057673898
MET008,2,1,2,0.73033184185889721
MET008,2,1,3,0.75314028575968861
MET008,2,1,4,0.88583437786871311
MET008,2,2,1,0.80671261384276838
MET008,2,2,2,0.66662298841356304
MET008,2,2,3,0.87342694037036073
MET008,2,2,4,0.72516785852884924
MET008,2,3,1,0.75087192037988726
MET008,2,3,2,0.7438450800104518
MET008,2,3,3,0.8151652207438721
MET008,2,3,4,0.72124437860558421
MET008,2,4,1,0.70717308182541794
MET008,2,4,2,0.76613361181853001
MET008,2,4,3,0.71813505901369623
MET008,2,4,4,0.73178994293949762
MET009,1,1,1,0.71962645189593577
MET009,1,1,2,0.75991870711656306
MET009,1,1,3,0.79043951627493392
MET009,1,1,4,0.83123854099840333
MET009,1,2,1,0.72157956580177063
MET009,1,2,2,0.59076132637832035
MET009,1,2,3,0.79362244203410692
MET009,1,2,4,0.8529166561616407
MET009,1,3,1,0.82971363639333151
MET009,1,3,2,0.7046020219302308
MET009,1,3,3,0.76781688912739976
MET009,1,3,4,0.84639955950158385
MET009,1,4,1,0.59405431397949615
MET009,1,4,2,0.7005099469787226
MET009,1,4,3,0.61872379069955696
MET009,1,4,4,0.78327686231233884
MET009,2,1,1,0.67865899484700343
MET009,2,1,2,0.61327932720498135
MET009,2,1,3,0.73266291401530448
MET009,2,1,4,0.60699467617822322
MET009,2,2,1,0.74469238048013675
MET009,2,2,2,0.65479639448981031
MET009,2,2,3,0.79075609463875851
MET009,2,2,4,0.78041137983406195
MET009,2,3,1,0.6602441268703656
MET009,2,3,2,0.70748858420488947
MET009,2,3,3,0.80926366347379597
MET009,2,3,4,0.81792958997466181
MET009,2,4,1,0.73837282126340475
MET009,2,4,2,0.62767659634621131
MET009,2,4,3,0.89017352770418923
MET009,2,4,4,0.77803795884919325
MET010,1,1,1,0.68122845713449887
MET010,1,1,2,0.86891745315578561
MET010,1,1,3,0.76588686043432308
MET010,1,1,4,0.71532298408106476
MET010,1,2,1,0.65279229584528531
MET010,1,2,2,0.67027644788850238
MET010,1,2,3,0.79138444519914963
MET010,1,2,4,0.90083535346307364
MET010,1,3,1,0.63529318884339636
MET010,1,3,2,0.76577085233975006
MET010,1,3,3,0.97135756524017025
MET010,1,3,4,0.79344032126264996
MET010,1,4,1,0.82377371978571345
MET010,1,4,2,0.74307560197922784
MET010,1,4,3,0.67564724712053614
MET010,1,4,4,0.90034860414302365
MET011,1,1,1,0.76049612868939687
MET011,1,1,2,0.87451475717192573
MET011,1,1,3,0.93244273591997884
MET011,1,1,4,0.75035069098988627
MET011,1,2,1,0.6933224118018757
MET011,1,2,2,0.68998554470929863
MET011,1,2,3,0.76981243974075897
MET011,1,2,4,0.89548140528362785
MET011,1,3,1,0.82110624928641052
MET011,1,3,2,0.62662200336398888
MET011,1,3,3,0.76824786605852513
MET011,1,3,4,0.80695027665836527
MET011,1,4,1,0.83009729588473535
MET011,1,4,2,0.6178250934049152
MET011,1,4,3,0.79074249518210082
MET011,1,4,4,0.79074249518210082
MET012,1,1,1,0.80268980849478178
MET012,1,1,2,0.72078947805113058
MET012,1,1,3,0.73606007882329161
MET012,1,1,4,0.75740966291214795
MET012,1,2,1,0.84552479379061352
MET012,1,2,2,0.76464835063546055
MET012,1,2,3,0.82230015938887491
MET012,1,2,4,0.72638926013657745
MET012,1,3,1,0.80697175007527011
MET012,1,3,2,0.68076192668763746
MET012,1,3,3,0.78124124697939468
MET012,1,3,4,0.7221006946088192
MET012,1,4,1,0.70599713073282067
MET012,1,4,2,0.80943214166510025
MET012,1,4,3,0.8538321025278115
MET012,1,4,4,0.85142502886999982
MET012,2,1,1,0.74233426627223353
MET012,2,1,2,0.79556687269284132
MET012,2,1,3,0.71257645855137697
MET012,2,1,4,0.96113340301196104
MET012,2,2,1,0.77023918001055114
MET012,2,2,2,0.6688884796005069
MET012,2,2,3,0.74561636013172505
MET012,2,2,4,0.70379213850845013
MET012,2,3,1,0.75552548445303358
MET012,2,3,2,0.71451430049354137
MET012,2,3,3,0.70800275917460875
MET012,2,3,4,0.77938516119165702
MET012,2,4,1,0.90165511577630963
MET012,2,4,2,0.92647420487340182
MET012,2,4,3,0.79304705483289684
MET012,2,4,4,0.79150289380924088
MET015,1,1,1,0.69527475559004048
MET015,1,1,2,0.909920563713848
MET015,1,1,3,0.93544773832137884
MET015,1,1,4,0.82237283549471463
MET015,1,2,1,0.77706313277630845
MET015,1,2,2,0.91589961179874524
MET015,1,2,3,0.93315809923176896
MET015,1,2,4,0.93315809923176896
MET015,1,3,1,0.88084646750000117
MET015,1,3,2,0.85313857622057854
MET015,1,3,3,0.82645797256118014
MET015,1,3,4,0.91862035058165081
MET015,1,4,1,0.75379266327256755
MET015,1,4,2,0.84470794956337492
MET015,1,4,3,1.129420807891321
MET015,1,4,4,0.81324077228324432
MET016,1,1,1,0.79544818853526322
MET016,1,1,2,0.74977853879542522
MET016,1,1,3,0.70035938286878374
MET016,1,1,4,0.66835622056369814
MET016,1,2,1,0.6759562359180018
MET016,1,2,2,0.6618967838480726
MET016,1,2,3,0.62962617768653151
MET016,1,2,4,0.60086199862200573
MET016,1,3,1,0.75243166053552746
MET016,1,3,2,0.71114330845486196
MET016,1,3,3,0.60570574831139445
MET016,1,3,4,0.85898324519261093
MET016,1,4,1,0.63847726361471346
MET016,1,4,2,0.71628167658383046
MET016,1,4,3,0.74657646593981408
MET016,1,4,4,0.66407729510107028
MET016,2,1,1,0.73629607563253086
MET016,2,1,2,0.86045002609006016
MET016,2,1,3,0.75690091164190232
MET016,2,1,4,0.81281722226527242
MET016,2,2,1,0.70040192914121313
MET016,2,2,2,0.64782398550533615
MET016,2,2,3,0.60248391129496615
MET016,2,2,4,0.76282217127918406
MET016,2,3,1,0.66861058867296885
MET016,2,3,2,0.87561437185460622
MET016,2,3,3,0.62864457171097321
MET016,2,3,4,0.75233727765246383
MET016,2,4,1,0.63674285929422314
MET016,2,4,2,0.65094746354811994
MET016,2,4,3,0.68077336481015116
MET016,2,4,4,0.78066826109633292
MET017,1,1,1,0.72177916444765855
MET017,1,1,2,0.65985222472236593
MET017,1,1,3,0.84387342009861133
MET017,1,1,4,0.65704282603763164
MET017,1,2,1,0.61030113184121948
MET017,1,2,2,0.63498707943605237
MET017,1,2,3,0.73481006989718745
MET017,1,2,4,0.6381280749795506
MET017,1,3,1,0.74328880065997893
MET017,1,3,2,0.68857565042106206
MET017,1,3,3,0.64763712816031405
MET017,1,3,4,0.82556305440057087
MET017,1,4,1,0.7096957662104334
MET017,1,4,2,0.64574256382460715
MET017,1,4,3,0.73376671380569081
MET017,1,4,4,0.74157801971812976
MET017,2,1,1,0.68852224418153063
MET017,2,1,2,0.8145467395881375
MET017,2,1,3,0.63581903706892007
MET017,2,1,4,0.70068453183700941
MET017,2,2,1,0.5647511240195372
MET017,2,2,2,0.75397424002015034
MET017,2,2,3,0.80953477488228642
MET017,2,2,4,1.028277433253256
MET017,2,3,1,0.72252104664216565
MET017,2,3,2,0.6043784243304825
MET017,2,3,3,0.60007866109858177
MET017,2,3,4,0.70934839666532545
MET017,2,4,1,0.88755302288661342
MET017,2,4,2,0.76595688616398205
MET017,2,4,3,0.7293416415978905
MET017,2,4,4,0.79879771243447217
MET018,1,1,1,0.82584308762028202
MET018,1,1,2,0.87256677611720845
MET018,1,1,3,0.69505011436317254
MET018,1,1,4,0.88194242741362772
MET018,1,2,1,0.94342907535428577
MET018,1,2,2,0.80942135375749558
MET018,1,2,3,0.68479893471017672
MET018,1,2,4,1.0662191173355675
MET018,1,3,1,0.73500299320370022
MET018,1,3,2,0.94728727172929639
MET018,1,3,3,0.73450859728892404
MET018,1,3,4,0.83430192160147743
MET018,1,4,1,0.9275686191885496
MET018,1,4,2,1.0236835238222302
MET018,1,4,3,0.92934692835045785
MET018,1,4,4,0.74379591639988152
MET018,2,1,1,0.83539723643726727
MET018,2,1,2,0.81940586483675693
MET018,2,1,3,0.78525041263303175
MET018,2,1,4,0.85757855998007626
MET018,2,2,1,0.87181390033114592
MET018,2,2,2,0.83449169838184223
MET018,2,2,3,0.80719733943048755
MET018,2,2,4,0.86746426715172353
MET018,2,3,1,0.93485953744935035
MET018,2,3,2,1.0007467392437033
MET018,2,3,3,0.85262658738674424
MET018,2,3,4,0.89014879702385008
MET018,2,4,1,0.83201957210270072
MET018,2,4,2,0.8186550164523726
MET018,2,4,3,1.0455395684417259
MET018,2,4,4,1.0718254566862873
MET019,1,1,1,0.8665477402022147
MET019,1,1,2,0.72645938507981545
MET019,1,1,3,0.76888559186883976
MET019,1,1,4,0.72699575287538687
MET019,1,2,1,0.62324474622021087
MET019,1,2,2,0.82915038192381485
MET019,1,2,3,0.68916060700318205
MET019,1,2,4,0.78342157520143818
MET019,1,3,1,0.74543189506112961
MET019,1,3,2,0.77697599015212016
MET019,1,3,3,0.785982237805952
MET019,1,3,4,0.76499672314053413
MET019,1,4,1,0.78317876746091175
MET019,1,4,2,0.70935957860296883
MET019,1,4,3,0.76770469976751377
MET019,1,4,4,0.81083640135389135
MET020,1,1,1,0.74252119253941151
MET020,1,1,2,0.67045253486632228
MET020,1,1,3,0.56919390829038086
MET020,1,1,4,0.8288708391549886
MET020,1,2,1,0.81639993731258631
MET020,1,2,2,0.80078434232810392
MET020,1,2,3,0.70440126818592452
MET020,1,2,4,0.77522363154022023
MET020,1,3,1,0.76111863329278195
MET020,1,3,2,0.77393950790874744
MET020,1,3,3,0.7063526750886302
MET020,1,3,4,0.77778841178657365
MET020,1,4,1,0.65278938743014003
MET020,1,4,2,0.76869736495498053
MET020,1,4,3,0.63084900907802455
MET020,1,4,4,0.72398941651065718
MET021,1,1,1,0.76171214829138367
MET021,1,1,2,0.90091564419284642
MET021,1,1,3,0.7940835998271587
MET021,1,1,4,0.81934381075616791
MET021,1,2,1,0.75372451806934038
MET021,1,2,2,0.76579981223152427
MET021,1,2,3,0.79675309444892328
MET021,1,2,4,0.78366389571811834
MET021,1,3,1,0.8183406779630964
MET021,1,3,2,0.7724311131651509
MET021,1,3,3,0.90825869246178625
MET021,1,3,4,0.84678103851355035
MET021,1,4,1,0.78796997709133176
MET021,1,4,2,0.85327064823969023
MET021,1,4,3,0.86853937251832225
MET021,1,4,4,0.7327727814607915
MET021,2,1,1,0.69766625630940104
MET021,2,1,2,0.78999858281371171
MET021,2,1,3,0.88144917745600082
MET021,2,1,4,0.81381632297585393
MET021,2,2,1,0.82203344266272804
MET021,2,2,2,0.69408566782591175
MET021,2,2,3,0.96134367620913275
MET021,2,2,4,0.94296359397053564
MET021,2,3,1,0.84765023176214493
MET021,2,3,2,0.84068773127306184
MET021,2,3,3,0.85399545361568563
MET021,2,3,4,0.8539769578242199
MET021,2,4,1,0.72314930097421182
MET021,2,4,2,0.77239323807586335
MET021,2,4,3,0.7179837137530608
MET021,2,4,4,1.1344528561573644
MET022,1,1,1,0.57443903937563956
MET022,1,1,2,0.80709164267598876
MET022,1,1,3,0.7736809320220146
MET022,1,1,4,0.84517032558089156
MET022,1,2,1,0.72548814918696247
MET022,1,2,2,0.74923527330932771
MET022,1,2,3,0.85663980674131135
MET022,1,2,4,0.72442183747438882
MET022,1,3,1,0.68721944614064612
MET022,1,3,2,0.70865026998203795
MET022,1,3,3,0.73123014653432072
MET022,1,3,4,0.74479127557409808
MET022,1,4,1,0.74426462156840612
MET022,1,4,2,0.86614909820025798
MET022,1,4,3,0.75630119489425651
MET022,1,4,4,0.664463715116548
MET023,1,1,1,0.70963788696878904
MET023,1,1,2,0.64607951570148003
MET023,1,1,3,0.82779329470364493
MET023,1,1,4,0.71300189437394645
MET023,1,2,1,0.61379836152536926
MET023,1,2,2,0.72113339436016655
MET023,1,2,3,0.84745757066267735
MET023,1,2,4,0.74762677003068645
MET023,1,3,1,0.67583455697023764
MET023,1,3,2,0.74087429487643386
MET023,1,3,3,0.8882731179725829
MET023,1,3,4,0.71288906492105841
MET023,1,4,1,0.70496187589980763
MET023,1,4,2,0.73732082300767254
MET023,1,4,3,0.74671005953983527
MET023,1,4,4,0.86799581345866705
MET023,2,1,1,0.6506661911788294
MET023,2,1,2,0.75750401353675634
MET023,2,1,3,0.78963174591482643
MET023,2,1,4,0.77973765661532612
MET023,2,2,1,0.64654364271070042
MET023,2,2,2,0.85667480375332006
MET023,2,2,3,0.63347658026880693
MET023,2,2,4,0.69998832608303896
MET023,2,3,1,0.63285577906796875
MET023,2,3,2,0.80616858732700547
MET023,2,3,3,0.81343830380421556
MET023,2,3,4,0.87976164342688523
MET023,2,4,1,0.60405091185230775
MET023,2,4,2,0.6721465710821255
MET023,2,4,3,0.6919617482923377
MET023,2,4,4,0.86260209094920171
MET024,1,1,1,0.79141672152691755
MET024,1,1,2,0.62705902559518456
MET024,1,1,3,0.78299319050088612
MET024,1,1,4,0.73867834827301337
MET024,1,2,1,0.63639093373796551
MET024,1,2,2,0.6965363633499112
MET024,1,2,3,0.7278882478323474
MET024,1,2,4,0.61359744003355754
MET024,1,3,1,0.63474377948900551
MET024,1,3,2,0.69813118833091503
MET024,1,3,3,0.68925293274898758
MET024,1,3,4,0.77308502854303618
MET024,1,4,1,0.79141672152691755
MET024,1,4,2,0.62705902559518456
MET024,1,4,3,0.78299319050088612
MET024,1,4,4,0.73867834827301337
MET025,1,1,1,0.998145336415873
MET025,1,1,2,0.98447153992154923
MET025,1,1,3,0.97605665057831004
MET025,1,1,4,0.9106688124771164
MET025,1,2,1,0.80962534327892555
MET025,1,2,2,1.0291570419283964
MET025,1,2,3,0.88234981348763242
MET025,1,2,4,1.0110873524303492
MET025,1,3,1,0.92645881700040722
MET025,1,3,2,0.92273556729762285
MET025,1,3,3,1.015424902179106
MET025,1,3,4,0.94598673654875121
MET025,1,4,1,0.88861496308411303
MET025,1,4,2,0.810228606986646
MET025,1,4,3,0.95382526270469081
MET025,1,4,4,0.84803136443039817
MET025,2,1,1,0.84077399060304281
MET025,2,1,2,0.99176162936853896
MET025,2,1,3,0.85886327080125413
MET025,2,1,4,0.8251606470955879
MET025,2,2,1,0.89765145624288845
MET025,2,2,2,0.80006325686153212
MET025,2,2,3,0.87777581932172533
MET025,2,2,4,1.0067546294410614
MET025,2,3,1,0.95369015628477516
MET025,2,3,2,0.80715512766753372
MET025,2,3,3,1.1649550720738244
MET025,2,3,4,0.97944599065705595
MET025,2,4,1,0.72495733966853482
MET025,2,4,2,0.84111037876741235
MET025,2,4,3,0.86600230393187982
MET025,2,4,4,1.0026006777521568
MET026,1,1,1,0.76041852606307381
MET026,1,1,2,1.0910597954283461
MET026,1,1,3,0.95998105126484445
MET026,1,1,4,0.99500157502891018
MET026,1,2,1,0.91434832856673076
MET026,1,2,2,0.93327957224045377
MET026,1,2,3,0.9592428589076456
MET026,1,2,4,1.0153606444029903
MET026,1,3,1,0.91185151892650562
MET026,1,3,2,0.89212509904674853
MET026,1,3,3,1.1270057861434912
MET026,1,3,4,0.86574528263030726
MET026,1,4,1,0.71526227416111732
MET026,1,4,2,0.84748307842997606
MET026,1,4,3,1.0333634496885242
MET026,1,4,4,0.82200004178172592
MET027,1,1,1,0.79656173385066398
MET027,1,1,2,0.82177808690988785
MET027,1,1,3,0.83375680696243371
MET027,1,1,4,0.76833054358753994
MET027,1,2,1,0.90493332572449803
MET027,1,2,2,0.71488274691785081
MET027,1,2,3,0.77924171334704317
MET027,1,2,4,0.78935429703991111
MET027,1,3,1,0.71548953267050253
MET027,1,3,2,0.72638583537113555
MET027,1,3,3,0.76820881171362121
MET027,1,3,4,1.0132381122133467
MET027,1,4,1,0.85161755563737351
MET027,1,4,2,0.71352673816759282
MET027,1,4,3,0.86868201277801904
MET027,1,4,4,0.67565416705213122
MET027,2,1,1,0.76962892229338375
MET027,2,1,2,0.66980250487488835
MET027,2,1,3,0.92391588602447461
MET027,2,1,4,0.86995276359951268
MET027,2,2,1,0.81373692504915063
MET027,2,2,2,0.87733246625231631
MET027,2,2,3,0.75250475027396402
MET027,2,2,4,0.76071490538668185
MET027,2,3,1,1.0192728279273529
MET027,2,3,2,0.7393426836569551
MET027,2,3,3,0.85362890152431548
MET027,2,3,4,0.85574328437987768
MET027,2,4,1,0.81869968845650343
MET027,2,4,2,0.80442775379816667
MET027,2,4,3,1.039406542172405
MET027,2,4,4,0.79350635601017427
MET028,1,1,1,0.82196699460469014
MET028,1,1,2,0.85755023484720405
MET028,1,1,3,0.91010730582797483
MET028,1,1,4,0.7774259725185324
MET028,1,2,1,0.87228795004251347
MET028,1,2,2,0.84534208190836835
MET028,1,2,3,0.8424948600162806
MET028,1,2,4,0.88967566885080906
MET028,1,3,1,0.68654663853897413
MET028,1,3,2,0.78175059478077147
MET028,1,3,3,0.77631835557226125
MET028,1,3,4,0.81259355666335098
MET028,1,4,1,0.67397423863352834
MET028,1,4,2,0.83834610497371642
MET028,1,4,3,0.93910873672917416
MET028,1,4,4,0.91555029128024756
MET029,1,1,1,0.90697559757868684
MET029,1,1,2,0.71294660987352043
MET029,1,1,3,0.86191301229926898
MET029,1,1,4,0.75048064858607244
MET029,1,2,1,0.78442197732236185
MET029,1,2,2,0.75003321395783717
MET029,1,2,3,1.1300945940598075
MET029,1,2,4,1.5266853288341693
MET029,1,3,1,0.6521733524917166
MET029,1,3,2,0.71351095901007056
MET029,1,3,3,0.85917482422832936
MET029,1,3,4,0.9340115829603064
MET029,1,4,1,0.84704243302373705
MET029,1,4,2,0.83995145033292273
MET029,1,4,3,0.7559428046751413
MET029,1,4,4,0.74770877695382243
MET030,1,1,1,0.61368706967862685
MET030,1,1,2,0.80531858845471893
MET030,1,1,3,0.85761036853402595
MET030,1,1,4,0.90899391840861643
MET030,1,2,1,0.63800580125585105
MET030,1,2,2,0.77054468092629225
MET030,1,2,3,0.72051095303160106
MET030,1,2,4,0.89170928672189054
MET030,1,3,1,0.93880170990929201
MET030,1,3,2,0.69073797893282973
MET030,1,3,3,0.78962630022775615
MET030,1,3,4,0.69140011359084264
MET030,1,4,1,0.76608433563509226
MET030,1,4,2,0.75953903049934923
MET030,1,4,3,0.72846966739724783
MET030,1,4,4,0.82328623608757701
MET030,2,1,1,0.88843798609163682
MET030,2,1,2,0.81781927043780178
MET030,2,1,3,0.68263579735431645
MET030,2,1,4,0.69357714424247552
MET030,2,2,1,0.78442274981322235
MET030,2,2,2,0.67557781585987986
MET030,2,2,3,0.75127587946397101
MET030,2,2,4,0.74536319277595586
MET030,2,3,1,0.80552609223302352
MET030,2,3,2,0.83592652679005364
MET030,2,3,3,0.81669935664891946
MET030,2,3,4,0.76162855458460776
MET030,2,4,1,0.93536069711294245
MET030,2,4,2,0.7778710833425927
MET030,2,4,3,0.66627611682838705
MET030,2,4,4,0.77191832007669048
MET031,1,1,1,0.81420315152112133
MET031,1,1,2,0.7923904254541112
MET031,1,1,3,0.6976853127622078
MET031,1,1,4,0.82643882808229985
MET031,1,2,1,0.6934506568401041
MET031,1,2,2,0.84595261251475928
MET031,1,2,3,0.77230881651285144
MET031,1,2,4,0.77340930635653804
MET031,1,3,1,0.87220267041747035
MET031,1,3,2,0.73571611662120673
MET031,1,3,3,0.79280706904749365
MET031,1,3,4,0.73210375181949328
MET031,1,4,1,0.75940753143232242
MET031,1,4,2,0.71558910341446036
MET031,1,4,3,0.88287139581541185
MET031,1,4,4,0.80816863816112705
MET032,1,1,1,0.6223140696891164
MET032,1,1,2,0.67571675878834625
MET032,1,1,3,0.79749930626939081
MET032,1,1,4,0.80606027910090217
MET032,1,2,1,0.60999085579854395
MET032,1,2,2,0.74034203033205914
MET032,1,2,3,0.83028665036111693
MET032,1,2,4,0.72645518947305265
MET032,1,3,1,0.63963107690747645
MET032,1,3,2,0.61825216554858486
MET032,1,3,3,0.77599881602407295
MET032,1,3,4,0.84774026340374664
MET032,1,4,1,0.70524498232643307
MET032,1,4,2,0.81458199654588415
MET032,1,4,3,0.8345961166195659
MET032,1,4,4,0.86132327225022065
MET033,1,1,1,0.78164407887242116
MET033,1,1,2,0.60135508771616175
MET033,1,1,3,0.79534864773156033
MET033,1,1,4,0.71442280923482471
MET033,1,2,1,0.71266991423241122
MET033,1,2,2,0.77965417067168863
MET033,1,2,3,0.66142409441497807
MET033,1,2,4,0.83761933867089655
MET033,1,3,1,0.77165550617446088
MET033,1,3,2,0.55802177312155332
MET033,1,3,3,0.6799008338245186
MET033,1,3,4,0.73362701629585936
MET033,1,4,1,0.64836612480054778
MET033,1,4,2,0.70325003095184702
MET033,1,4,3,0.69332565473939445
MET033,1,4,4,0.86518986609484916
MET034,1,1,1,0.74887690195928858
MET034,1,1,2,0.66819846528689231
MET034,1,1,3,0.58468292230916696
MET034,1,1,4,0.71100700088587421
MET034,1,2,1,0.6568896802715023
MET034,1,2,2,0.72643637111903137
MET034,1,2,3,0.94281745256526317
MET034,1,2,4,0.72930010875667872
MET034,1,3,1,0.862652648263323
MET034,1,3,2,0.82942698167287432
MET034,1,3,3,0.70337706371049125
MET034,1,3,4,0.8217888895164599
MET034,1,4,1,0.75760807494032423
MET034,1,4,2,0.68164268036503195
MET034,1,4,3,0.63142606096508203
MET034,1,4,4,0.74345289053542574
MET035,1,1,1,0.7245704290824222
MET035,1,1,2,0.79375991588722095
MET035,1,1,3,0.79156827096206195
MET035,1,1,4,0.74504585892257746
MET035,1,2,1,0.87248685735790543
MET035,1,2,2,0.83630133498181736
MET035,1,2,3,0.75557482833001155
MET035,1,2,4,0.70772250818520122
MET035,1,3,1,0.66305585204899575
MET035,1,3,2,0.65688172935226585
MET035,1,3,3,0.77661659625955615
MET035,1,3,4,0.84506816463410006
MET035,1,4,1,0.76054476453908615
MET035,1,4,2,0.97515558674135883
MET035,1,4,3,0.81988627153421167
MET035,1,4,4,0.85255701622154267
MET036,1,1,1,0.68867028897796834
MET036,1,1,2,0.81108706961584531
MET036,1,1,3,0.68048017383615955
MET036,1,1,4,0.65429978515253895
MET036,1,2,1,0.74358122940781146
MET036,1,2,2,0.72437871960339595
MET036,1,2,3,0.78852975232615918
MET036,1,2,4,0.76645496083046194
MET036,1,3,1,0.72332697858672945
MET036,1,3,2,0.72721758377631041
MET036,1,3,3,0.74505480298781435
MET036,1,3,4,0.73229059195551727
MET036,1,4,1,0.68692673556097883
MET036,1,4,2,0.71505077214058865
MET036,1,4,3,0.76779040134003995
MET036,1,4,4,0.73603896250068113
MET037,1,1,1,0.51044388540133345
MET037,1,1,2,0.61379304642202315
MET037,1,1,3,0.63358619653396531
MET037,1,1,4,0.59074187214030605
MET037,1,2,1,0.64190260595404003
MET037,1,2,2,0.64087039705891047
MET037,1,2,3,0.78478123279151424
MET037,1,2,4,0.56074236656073351
MET037,1,3,1,0.56587411943351917
MET037,1,3,2,0.74780616986526638
MET037,1,3,3,0.56918308446780663
MET037,1,3,4,0.54597018383707596
MET038,1,1,1,0.64416472864131147
MET038,1,1,2,0.64842079609249448
MET038,1,1,3,0.83139489418122603
MET038,1,1,4,0.57773717832742888
MET038,1,2,1,0.59822269098210412
MET038,1,2,2,0.7173448744429396
MET038,1,2,3,0.60024404131259057
MET038,1,2,4,0.71374990673744365
MET038,1,3,1,0.56314368230193634
MET038,1,3,2,0.557224909050961
MET038,1,3,3,0.64589077739379352
MET038,1,3,4,0.58272538381405925
MET038,2,1,1,0.71371391271461304
MET038,2,1,2,0.70565183785198338
MET038,2,1,3,0.65497630577258448
MET038,2,1,4,0.66835577684861625
MET038,2,2,1,0.74633383994668945
MET038,2,2,2,0.77586586404965785
MET038,2,2,3,0.67642351501534426
MET038,2,2,4,0.55714526558292166
MET038,2,3,1,0.73471043393519342
MET038,2,3,2,0.60293752422780122
MET038,2,3,3,0.71452825764552685
MET038,2,3,4,0.62476771200530812
MET039,1,1,1,0.49246640274077669
MET039,1,1,2,0.61214371057447325
MET039,1,1,3,0.53028028197543686
MET039,1,1,4,0.66589607590223976
MET039,1,2,1,0.76536824927601932
MET039,1,2,2,0.62985677110191707
MET039,1,2,3,0.52592891608835446
MET039,1,2,4,0.58124101569248987
MET039,1,3,1,0.63751352870551403
MET039,1,3,2,0.7272136433627916
MET039,1,3,3,0.70805468760871171
MET039,1,3,4,0.59884150844812467
MET039,2,1,1,0.62949457066085013
MET039,2,1,2,0.56659930541402126
MET039,2,1,3,0.68200031383081372
MET039,2,1,4,0.66806284428867724
MET039,2,2,1,0.62293822403644905
MET039,2,2,2,0.60425417083708477
MET039,2,2,3,0.63711355768593925
MET039,2,2,4,0.69927317217964935
MET039,2,3,1,0.58258037200537205
MET039,2,3,2,0.64013012600261654
MET039,2,3,3,0.56357678170443737
MET039,2,3,4,0.62404958097918883
MET040,1,1,1,0.68085664986492955
MET040,1,1,2,0.66164729766983088
MET040,1,1,3,0.59290654309782576
MET040,1,1,4,0.60885700324078074
MET040,1,2,1,0.83935057781610722
MET040,1,2,2,0.73593683034152191
MET040,1,2,3,0.64704463923354938
MET040,1,2,4,0.7235385840417814
MET040,1,3,1,0.77412745625107715
MET040,1,3,2,0.53011036475416862
MET040,1,3,3,0.64601482270703547
MET040,1,3,4,0.53239654363141675
MET043,1,1,1,0.63210506491163621
MET043,1,1,2,0.4827297486750538
MET043,1,1,3,0.61531682024567302
MET043,1,1,4,0.64538048636522527
MET043,1,2,1,0.60547291529258307
MET043,1,2,2,0.49635835117887178
MET043,1,2,3,0.5709968971758449
MET043,1,2,4,0.48734362147801891
MET043,1,3,1,0.57106339408284834
MET043,1,3,2,0.56916471351007925
MET043,1,3,3,0.55245640923424155
MET043,1,3,4,0.63542937871150262
MET043,1,4,1,0.53238914903870571
MET043,1,4,2,0.66128356614497286
MET043,1,4,3,0.65589159215700032
MET043,1,4,4,0.61046383238368074
MET044,1,1,1,0.68563060028965905
MET044,1,1,2,0.73910303505312225
MET044,1,1,3,0.8215365655231095
MET044,1,1,4,0.87469331441859632
MET044,1,2,1,0.79034910791256163
MET044,1,2,2,0.71645191020706334
MET044,1,2,3,0.70723092753980266
MET044,1,2,4,0.8172007846050382
MET044,1,3,1,0.63720013794354735
MET044,1,3,2,0.63051792265190376
MET044,1,3,3,1.0090228798489018
MET044,1,3,4,0.69892376414075152
MET044,1,4,1,0.81734168761710457
MET044,1,4,2,0.72657318642695634
MET044,1,4,3,0.73123135455745902
MET044,1,4,4,0.80504819440947217
MET045,1,1,1,0.65350452277651394
MET045,1,1,2,0.69490728934774937
MET045,1,1,3,0.74513472644267753
MET045,1,1,4,0.84765812496585713
MET045,1,2,1,0.60562491236237626
MET045,1,2,2,0.46978942800184348
MET045,1,2,3,0.56103250252101455
MET045,1,2,4,0.74410046450843692
MET045,1,3,1,0.52749939459391793
MET045,1,3,2,0.59188902588620296
MET045,1,3,3,0.53736658229353484
MET045,1,3,4,0.73548860601965127
MET045,1,4,1,0.75790536018617194
MET045,1,4,2,0.52192195534997743
MET045,1,4,3,0.73631564808957473
MET045,1,4,4,0.71118881591763305
MET046,1,1,1,0.58702474001097515
MET046,1,1,2,0.73117407546677182
MET046,1,1,3,0.71040998321476956
MET046,1,1,4,0.65437903530745467
MET046,1,2,1,0.68429787335500514
MET046,1,2,2,0.65034279063246603
MET046,1,2,3,0.63301251286349935
MET046,1,2,4,0.70948834117721815
MET046,1,3,1,0.65633434407626623
MET046,1,3,2,0.65722797659629206
MET046,1,3,3,0.58268277355961973
MET046,1,3,4,0.66951704241789523
MET046,1,4,1,0.65633434407626623
MET046,1,4,2,0.65722797659629206
MET046,1,4,3,0.58268277355961973
MET046,1,4,4,0.66951704241789523
MET047,1,1,1,0.6384801615442105
MET047,1,1,2,0.73842343541073163
MET047,1,1,3,0.63575808510174359
MET047,1,1,4,0.72285002403492538
MET047,1,2,1,0.68368601581522959
MET047,1,2,2,0.56854433138597882
MET047,1,2,3,0.71142583777807222
MET047,1,2,4,0.69504906910275011
MET047,1,3,1,0.91547845820756812
MET047,1,3,2,0.80986917875727793
MET047,1,3,3,0.68856915116490214
MET047,1,3,4,0.61976341554780223
